{"cameraMode":{"drawMode":0,"name":"Shaded","section":"Shading Mode"},"sceneLighting":false,"audioPlay":false,"sceneViewState":{"m_AlwaysRefresh":false,"showFog":true,"showSkybox":false,"showFlares":true,"showImageEffects":true,"showParticleSystems":true,"showVisualEffectGraphs":true,"m_FxEnabled":true},"in2DMode":false,"pivot":{"x":-3.861135482788086,"y":5.022750377655029,"z":3.0016021728515627},"rotation":{"x":-0.37878572940826418,"y":-0.038623422384262088,"z":0.015735507011413575,"w":-0.9246183037757874},"size":38.516597747802737,"orthographic":false}