{"cameraMode":{"drawMode":0,"name":"Shaded","section":"Shading Mode"},"sceneLighting":true,"audioPlay":false,"sceneViewState":{"m_AlwaysRefresh":false,"showFog":true,"showSkybox":true,"showFlares":true,"showImageEffects":true,"showParticleSystems":true,"showVisualEffectGraphs":true,"m_FxEnabled":true},"in2DMode":false,"pivot":{"x":-3.538972854614258,"y":-2.6214418411254885,"z":-0.46930599212646487},"rotation":{"x":0.22207698225975038,"y":-0.36864960193634035,"z":0.09141318500041962,"w":0.8981550931930542},"size":9.36250114440918,"orthographic":false}