{"cameraMode":{"drawMode":0,"name":"Shaded","section":"Shading Mode"},"sceneLighting":true,"audioPlay":false,"sceneViewState":{"m_AlwaysRefresh":false,"showFog":true,"showSkybox":true,"showFlares":true,"showImageEffects":true,"showParticleSystems":true,"showVisualEffectGraphs":true,"m_FxEnabled":true},"in2DMode":false,"pivot":{"x":1.2018911838531495,"y":0.2800000309944153,"z":32.30717849731445},"rotation":{"x":-0.007345526944845915,"y":-0.9908871650695801,"z":0.12038260698318482,"w":-0.06040831282734871},"size":11.14255428314209,"orthographic":false}