{"cameraMode":{"drawMode":0,"name":"Shaded","section":"Shading Mode"},"sceneLighting":true,"audioPlay":false,"sceneViewState":{"m_AlwaysRefresh":false,"showFog":true,"showSkybox":true,"showFlares":true,"showImageEffects":true,"showParticleSystems":true,"showVisualEffectGraphs":true,"m_FxEnabled":true},"in2DMode":false,"pivot":{"x":0.3047318458557129,"y":8.908449172973633,"z":-15.174066543579102},"rotation":{"x":-0.4011215269565582,"y":-0.018989358097314836,"z":0.008276600390672684,"w":-0.9158520698547363},"size":5.162916660308838,"orthographic":false}