{"cameraMode":{"drawMode":0,"name":"Shaded","section":"Shading Mode"},"sceneLighting":true,"audioPlay":false,"sceneViewState":{"m_AlwaysRefresh":false,"showFog":true,"showSkybox":true,"showFlares":true,"showImageEffects":true,"showParticleSystems":true,"showVisualEffectGraphs":true,"m_FxEnabled":true},"in2DMode":false,"pivot":{"x":-27.381328582763673,"y":-1.542102336883545,"z":3.7090587615966799},"rotation":{"x":0.0906488373875618,"y":-0.25180622935295107,"z":0.02438814379274845,"w":0.9633743166923523},"size":14.917558670043946,"orthographic":false}