{"cameraMode":{"drawMode":0,"name":"Shaded","section":"Shading Mode"},"sceneLighting":true,"audioPlay":false,"sceneViewState":{"m_AlwaysRefresh":false,"showFog":true,"showSkybox":true,"showFlares":true,"showImageEffects":true,"showParticleSystems":true,"showVisualEffectGraphs":true,"m_FxEnabled":true},"in2DMode":false,"pivot":{"x":-0.4551815986633301,"y":1.5293245315551758,"z":-0.6585111618041992},"rotation":{"x":-0.047672294080257419,"y":-0.9359303116798401,"z":0.13943816721439362,"w":-0.31993985176086428},"size":19.103633880615236,"orthographic":false}