{"cameraMode":{"drawMode":0,"name":"Shaded","section":"Shading Mode"},"sceneLighting":true,"audioPlay":false,"sceneViewState":{"m_AlwaysRefresh":false,"showFog":true,"showSkybox":true,"showFlares":true,"showImageEffects":true,"showParticleSystems":true,"showVisualEffectGraphs":true,"m_FxEnabled":true},"in2DMode":false,"pivot":{"x":-1.4597208499908448,"y":2.5881729125976564,"z":0.17107105255126954},"rotation":{"x":0.05644940212368965,"y":-0.01834201253950596,"z":0.0017573173390701414,"w":0.9984022378921509},"size":4.38627815246582,"orthographic":false}